ALTER SESSION SET "_ORACLE_SCRIPT" = TRUE;

-- Proc xoa tai khoan nhan su hang loat khi chay lai file Data.sql
CREATE OR REPLACE PROCEDURE Dropuser_NHANSU
IS
    v_exist PLS_INTEGER;
BEGIN
    SELECT COUNT(*) INTO v_exist
    FROM dba_tables WHERE table_name = 'TB_NHANSU' AND owner = 'ADMIN';
    IF v_exist = 1 THEN
        EXECUTE IMMEDIATE 'BEGIN USP_XoaUserNhanVien; END;';
    END IF;
END;
/
EXEC Dropuser_NHANSU;

-- proc xoa tai khoan sinh vien hang loat khi chay lai file Data.sql
CREATE OR REPLACE PROCEDURE Dropuser_SINHVIEN
IS
    v_exist PLS_INTEGER;
BEGIN
    SELECT COUNT(*) INTO v_exist 
    FROM dba_tables WHERE table_name = 'TB_SINHVIEN' AND owner = 'ADMIN';
    IF v_exist = 1 THEN
        EXECUTE IMMEDIATE 'BEGIN USP_XoaUserSinhVien; END;';
    END IF;
END;
/
EXEC Dropuser_SINHVIEN;

--Proc xoa user cu the neu ton tai user do
create or replace procedure dropUser(usrName in varchar2)
as
cursor usr is
        select count(*) as numberOfRow
        from dba_users
        where dba_users.username = UPPER(usrName);
userExist number;
begin
    open usr;
    fetch usr into userExist;
    if userExist > 0 then
        execute immediate 'DROP USER ' ||usrName || ' CASCADE';
    end if;
    close usr;
end;
/
--Goi proc xoa user admin
CALL dropUser('ADMIN');

--proc xoa role neu ton tai
CREATE OR REPLACE PROCEDURE Drop_OldRole 
    (NameOfRole IN VARCHAR2)
IS
    v_exist PLS_INTEGER;
BEGIN
    SELECT COUNT(*) INTO v_exist 
    FROM dba_roles WHERE role = NameOfRole;
    IF v_exist = 1 THEN
        EXECUTE IMMEDIATE 'DROP ROLE ' || NameOfRole;
    END IF;
END;
/

--Tao scema (user ADMIN)
CREATE USER ADMIN IDENTIFIED BY group12;
ALTER USER ADMIN QUOTA 10M ON users;
GRANT DBA TO ADMIN; 
GRANT EXECUTE ANY PROCEDURE TO ADMIN; 
GRANT CREATE SESSION TO ADMIN CONTAINER = ALL; 
GRANT CONNECT TO ADMIN;

--Xoa cac bang neu chung da ton tai truoc khi chay lai file Data.sql
BEGIN
    EXECUTE IMMEDIATE 'DROP TABLE ADMIN.TB_DANGKY';
    EXECUTE IMMEDIATE 'DROP TABLE ADMIN.TB_PHANCONG';
    EXECUTE IMMEDIATE 'DROP TABLE ADMIN.TB_KHMO';
    EXECUTE IMMEDIATE 'DROP TABLE ADMIN.TB_HOCPHAN';
    EXECUTE IMMEDIATE 'DROP TABLE ADMIN.TB_SINHVIEN';
    EXECUTE IMMEDIATE 'DROP TABLE ADMIN.TB_DONVI CASCADE CONSTRAINTS';
    EXECUTE IMMEDIATE 'DROP TABLE ADMIN.TB_NHANSU CASCADE CONSTRAINTS';
    EXECUTE IMMEDIATE 'DROP TABLE ADMIN.TB_NGANH';
    EXECUTE IMMEDIATE 'DROP TABLE ADMIN.TB_CHUONGTRINH';
EXCEPTION
    WHEN OTHERS THEN
        IF SQLCODE != -942 THEN
            RAISE;
        END IF;
END;
/
-- Tao cac bang trong he thong
CREATE TABLE ADMIN.TB_NHANSU (
    MANV NVARCHAR2(5) PRIMARY KEY,
    HOTEN NVARCHAR2(100),
    PHAI NVARCHAR2(10),
    NGSINH DATE,
    PHUCAP NUMBER,
    DT NVARCHAR2(15),
    VAITRO NVARCHAR2(50),
    MADV NVARCHAR2(5)
);

CREATE TABLE ADMIN.TB_SINHVIEN (
    MASV NVARCHAR2(10) PRIMARY KEY,
    HOTEN NVARCHAR2(100),
    PHAI NVARCHAR2(10),
    NGSINH DATE,
    DCHI NVARCHAR2(100),
    DT NVARCHAR2(15),
    MACT NVARCHAR2(5),
    MANGANH NVARCHAR2(5),
    SOTCTL NUMBER,
    DTBTL NUMBER
);

CREATE TABLE ADMIN.TB_DONVI (
    MADV NVARCHAR2(5) PRIMARY KEY,
    TENDV NVARCHAR2(100),
    TRGDV NVARCHAR2(5)
);

CREATE TABLE ADMIN.TB_HOCPHAN (
    MAHP NVARCHAR2(5) PRIMARY KEY,
    TENHP NVARCHAR2(100),
    SOTC NUMBER,
    STLT NUMBER,
    STTH NUMBER,
    SOSVTD NUMBER,
    MADV NVARCHAR2(5)
);

CREATE TABLE ADMIN.TB_KHMO (
    MAHP NVARCHAR2(5),
    HK NUMBER,
    NAM NUMBER,
    MACT NVARCHAR2(5),
    PRIMARY KEY (MAHP, HK, NAM, MACT)
);

CREATE TABLE ADMIN.TB_PHANCONG (
    MAGV NVARCHAR2(5),
    MAHP NVARCHAR2(5),
    HK NUMBER,
    NAM NUMBER,
    MACT NVARCHAR2(5),
    PRIMARY KEY (MAGV, MAHP, HK, NAM, MACT)
);

CREATE TABLE ADMIN.TB_DANGKY (
    MASV NVARCHAR2(10),
    MAGV NVARCHAR2(5),
    MAHP NVARCHAR2(5),
    HK NUMBER,
    NAM NUMBER,
    MACT NVARCHAR2(5),
    DIEMTH NUMBER,
    DIEMQT NUMBER,
    DIEMCK NUMBER,
    DIEMTK NUMBER,
    PRIMARY KEY (MASV, MAHP, HK, NAM, MACT)
);

CREATE TABLE ADMIN.TB_NGANH(
    MANGANH NVARCHAR2(5) PRIMARY KEY,
    TENNGANH NVARCHAR2(50)
);

CREATE TABLE ADMIN.TB_CHUONGTRINH(
    MACT NVARCHAR2(5) PRIMARY KEY,
    TENCT NVARCHAR2(50)
);
--Tao khoa ngoai cho cac bang tren
ALTER TABLE ADMIN.TB_NHANSU 
ADD CONSTRAINT fk_madv_NHANSU 
FOREIGN KEY (MADV) 
REFERENCES ADMIN.TB_DONVI(MADV);

ALTER TABLE ADMIN.TB_SINHVIEN
ADD CONSTRAINT fk_mact_SINHVIEN
FOREIGN KEY (MACT) 
REFERENCES ADMIN.TB_CHUONGTRINH(MACT);

ALTER TABLE ADMIN.TB_SINHVIEN
ADD CONSTRAINT fk_maNGANH_SINHVIEN 
FOREIGN KEY (MANGANH) 
REFERENCES ADMIN.TB_NGANH(MANGANH);

ALTER TABLE ADMIN.TB_DONVI
ADD CONSTRAINT fk_trdv_NHANSU
FOREIGN KEY (TRGDV)
REFERENCES ADMIN.TB_NHANSU(MANV);

ALTER TABLE ADMIN.TB_HOCPHAN
ADD CONSTRAINT fk_madv_HOCPHAN 
FOREIGN KEY (MADV) 
REFERENCES ADMIN.TB_DONVI(MADV);

ALTER TABLE ADMIN.TB_KHMO
ADD CONSTRAINT fk_mahp_KHMO 
FOREIGN KEY (MAHP) 
REFERENCES ADMIN.TB_HOCPHAN(MAHP);

ALTER TABLE ADMIN.TB_KHMO
ADD CONSTRAINT fk_mact_KHMO 
FOREIGN KEY (MACT) 
REFERENCES ADMIN.TB_CHUONGTRINH(MACT);

ALTER TABLE ADMIN.TB_PHANCONG
ADD CONSTRAINT fk_magv_PHANCONG
FOREIGN KEY (MAGV) 
REFERENCES ADMIN.TB_NHANSU(MANV);

ALTER TABLE ADMIN.TB_PHANCONG
ADD CONSTRAINT fk_KHMO_PHANCONG 
FOREIGN KEY (MAHP,HK,NAM,MACT) 
REFERENCES ADMIN.TB_KHMO(MAHP,HK,NAM,MACT);

ALTER TABLE ADMIN.TB_DANGKY
ADD CONSTRAINT fk_masv_DANGKY 
FOREIGN KEY (MASV) 
REFERENCES ADMIN.TB_SINHVIEN(MASV);

ALTER TABLE ADMIN.TB_DANGKY
ADD CONSTRAINT fk_KHMO_DANGKY 
FOREIGN KEY (MAHP,HK,NAM,MACT) 
REFERENCES ADMIN.TB_KHMO(MAHP,HK,NAM,MACT);
/
--Xoa user nhan vien cu
CREATE OR REPLACE PROCEDURE USP_XoaUserNhanVien
AS
    CURSOR CUR IS ( SELECT MANV
                    FROM ADMIN.TB_NHANSU
                    WHERE MANV IN ( SELECT USERNAME
                                    FROM ALL_USERS) );
    USR VARCHAR2(5);
    v_exist PLS_INTEGER;
    STRSQL VARCHAR(2000);
BEGIN
    OPEN CUR;  
    STRSQL := 'ALTER SESSION SET "_ORACLE_SCRIPT" = TRUE';
    EXECUTE IMMEDIATE(STRSQL);
    
    LOOP
        FETCH CUR INTO USR;
        EXIT WHEN CUR%NOTFOUND;
        
        SELECT COUNT(*) INTO v_exist 
        FROM dba_users WHERE username = USR;
        IF v_exist = 1 THEN
            EXECUTE IMMEDIATE 'DROP USER ' || USR || ' CASCADE';
        END IF;
    END LOOP;
    STRSQL := 'ALTER SESSION SET "_ORACLE_SCRIPT" = FALSE';
    EXECUTE IMMEDIATE(STRSQL);
    CLOSE CUR;
END; 
/
--Xoa user sinh vien cu
CREATE OR REPLACE PROCEDURE USP_XoaUserSinhVien
AS
    CURSOR CUR IS ( SELECT MASV
                    FROM ADMIN.TB_SINHVIEN
                    WHERE MASV IN ( SELECT USERNAME
                                    FROM ALL_USERS) );
    USR VARCHAR2(10);
    v_exist PLS_INTEGER;
    STRSQL VARCHAR(2000);
BEGIN
    OPEN CUR;  
    STRSQL := 'ALTER SESSION SET "_ORACLE_SCRIPT" = TRUE';
    EXECUTE IMMEDIATE(STRSQL);
    
    LOOP
        FETCH CUR INTO USR;
        EXIT WHEN CUR%NOTFOUND;
        
        SELECT COUNT(*) INTO v_exist 
        FROM dba_users WHERE username = USR;
        IF v_exist = 1 THEN
            EXECUTE IMMEDIATE 'DROP USER ' || USR || ' CASCADE';
        END IF;
    END LOOP;
    STRSQL := 'ALTER SESSION SET "_ORACLE_SCRIPT" = FALSE';
    EXECUTE IMMEDIATE(STRSQL);
    CLOSE CUR;
END; 
/
----------------------------------------------------------
-- NHAP DU LIEU
--BANG TB_NGANH
INSERT INTO ADMIN.TB_NGANH (MANGANH, TENNGANH) VALUES ('HTTT', 'He thong thong tin');
INSERT INTO ADMIN.TB_NGANH (MANGANH, TENNGANH) VALUES ('CNPM', 'Cong nghe phan mem');
INSERT INTO ADMIN.TB_NGANH (MANGANH, TENNGANH) VALUES ('KHMT', 'Khoa hoc may tinh');
INSERT INTO ADMIN.TB_NGANH (MANGANH, TENNGANH) VALUES ('TGMT', 'Thi giac may tinh');
INSERT INTO ADMIN.TB_NGANH (MANGANH, TENNGANH) VALUES ('MMTVT', 'Mang may tinh va vien thong');
--BANG TB_CHUONGTRINH
INSERT INTO ADMIN.TB_CHUONGTRINH (MACT, TENCT) VALUES ('CQ', 'Chinh quy');
INSERT INTO ADMIN.TB_CHUONGTRINH (MACT, TENCT) VALUES ('CLC', 'Chat luong cao');
INSERT INTO ADMIN.TB_CHUONGTRINH (MACT, TENCT) VALUES ('CTTT', 'Chuong trinh tien tien');
INSERT INTO ADMIN.TB_CHUONGTRINH (MACT, TENCT) VALUES ('VP', 'Viet Phap');
--BANG TB_DONVI
INSERT INTO ADMIN.TB_DONVI (MADV, TENDV) VALUES ('DV01', 'Van phong khoa');
INSERT INTO ADMIN.TB_DONVI (MADV, TENDV) VALUES ('DV02', 'Bo mon HTTT');
INSERT INTO ADMIN.TB_DONVI (MADV, TENDV) VALUES ('DV03', 'Bo mon CNPM');
INSERT INTO ADMIN.TB_DONVI (MADV, TENDV) VALUES ('DV04', 'Bo mon KHMT');
INSERT INTO ADMIN.TB_DONVI (MADV, TENDV) VALUES ('DV05', 'Bo mon CNTT');
INSERT INTO ADMIN.TB_DONVI (MADV, TENDV) VALUES ('DV06', 'Bo mon TGMT');
INSERT INTO ADMIN.TB_DONVI (MADV, TENDV) VALUES ('DV07', 'Bo mon MMT và Vien thong');
--BANG TB_NHANSU
INSERT INTO ADMIN.TB_NHANSU (MANV, HOTEN, PHAI, NGSINH, PHUCAP, DT, VAITRO, MADV) VALUES ('NV001', 'Nguyen Hoai An', 'Male', TO_DATE('1970-1-1', 'YYYY-MM-DD'), 20000, '0144016029', 'Nhan vien co ban', 'DV01');
INSERT INTO ADMIN.TB_NHANSU (MANV, HOTEN, PHAI, NGSINH, PHUCAP, DT, VAITRO, MADV) VALUES ('NV002', 'Doan Minh Sang', 'Male', TO_DATE('1970-2-8', 'YYYY-MM-DD'), 20000, '0192990327', 'Nhan vien co ban', 'DV02');
INSERT INTO ADMIN.TB_NHANSU (MANV, HOTEN, PHAI, NGSINH, PHUCAP, DT, VAITRO, MADV) VALUES ('NV003', 'Bui Tien Thanh', 'Male', TO_DATE('1981-10-18', 'YYYY-MM-DD'), 20000, '0349928931', 'Nhan vien co ban', 'DV03');
INSERT INTO ADMIN.TB_NHANSU (MANV, HOTEN, PHAI, NGSINH, PHUCAP, DT, VAITRO, MADV) VALUES ('NV004', 'Do Ngoc Thao Nguyen', 'Female', TO_DATE('1966-6-10', 'YYYY-MM-DD'), 20000, '0729221933', 'Nhan vien co ban', 'DV04');
INSERT INTO ADMIN.TB_NHANSU (MANV, HOTEN, PHAI, NGSINH, PHUCAP, DT, VAITRO, MADV) VALUES ('NV005', 'Le Trong Thach', 'Male', TO_DATE('1973-3-2', 'YYYY-MM-DD'), 20000, '0548847880', 'Nhan vien co ban', 'DV05');
INSERT INTO ADMIN.TB_NHANSU (MANV, HOTEN, PHAI, NGSINH, PHUCAP, DT, VAITRO, MADV) VALUES ('NV006', 'Quach Huu Hung', 'Male', TO_DATE('1987-11-13', 'YYYY-MM-DD'), 20000, '0649532436', 'Nhan vien co ban', 'DV06');
INSERT INTO ADMIN.TB_NHANSU (MANV, HOTEN, PHAI, NGSINH, PHUCAP, DT, VAITRO, MADV) VALUES ('NV007', 'Do Thai Van', 'Male', TO_DATE('1991-5-10', 'YYYY-MM-DD'), 20000, '0937950054', 'Nhan vien co ban', 'DV07');
INSERT INTO ADMIN.TB_NHANSU (MANV, HOTEN, PHAI, NGSINH, PHUCAP, DT, VAITRO, MADV) VALUES ('NV008', 'Mai Hoang Hai', 'Male', TO_DATE('1974-5-9', 'YYYY-MM-DD'), 20000, '0308183861', 'Nhan vien co ban', 'DV03');
INSERT INTO ADMIN.TB_NHANSU (MANV, HOTEN, PHAI, NGSINH, PHUCAP, DT, VAITRO, MADV) VALUES ('NV009', 'Huynh Duc An', 'Male', TO_DATE('1971-3-16', 'YYYY-MM-DD'), 20000, '0273227560', 'Nhan vien co ban', 'DV05');
INSERT INTO ADMIN.TB_NHANSU (MANV, HOTEN, PHAI, NGSINH, PHUCAP, DT, VAITRO, MADV) VALUES ('NV010', 'Tran Anh Dung', 'Female', TO_DATE('1994-4-27', 'YYYY-MM-DD'), 20000, '0205090095', 'Nhan vien co ban', 'DV07');
INSERT INTO ADMIN.TB_NHANSU (MANV, HOTEN, PHAI, NGSINH, PHUCAP, DT, VAITRO, MADV) VALUES ('NV011', 'Le Hong Thuy', 'Female', TO_DATE('1965-2-11', 'YYYY-MM-DD'), 500000, '0395203690', 'Giang vien', 'DV01');
INSERT INTO ADMIN.TB_NHANSU (MANV, HOTEN, PHAI, NGSINH, PHUCAP, DT, VAITRO, MADV) VALUES ('NV012', 'Bui Ba Phap', 'Male', TO_DATE('1982-6-5', 'YYYY-MM-DD'), 500000, '0925247904', 'Giang vien', 'DV02');
INSERT INTO ADMIN.TB_NHANSU (MANV, HOTEN, PHAI, NGSINH, PHUCAP, DT, VAITRO, MADV) VALUES ('NV013', 'Nguyen Duc Huynh Long', 'Male', TO_DATE('1980-5-29', 'YYYY-MM-DD'), 500000, '0160660770', 'Giang vien', 'DV03');
INSERT INTO ADMIN.TB_NHANSU (MANV, HOTEN, PHAI, NGSINH, PHUCAP, DT, VAITRO, MADV) VALUES ('NV014', 'Doan Kim Nhu', 'Female', TO_DATE('1975-9-16', 'YYYY-MM-DD'), 500000, '0332863233', 'Giang vien', 'DV04');
INSERT INTO ADMIN.TB_NHANSU (MANV, HOTEN, PHAI, NGSINH, PHUCAP, DT, VAITRO, MADV) VALUES ('NV015', 'Vo Thuy Duyen', 'Female', TO_DATE('1970-8-11', 'YYYY-MM-DD'), 500000, '0824559359', 'Giang vien', 'DV05');
INSERT INTO ADMIN.TB_NHANSU (MANV, HOTEN, PHAI, NGSINH, PHUCAP, DT, VAITRO, MADV) VALUES ('NV016', 'Huynh Thuc Giau', 'Female', TO_DATE('1988-11-5', 'YYYY-MM-DD'), 500000, '0515671759', 'Giang vien', 'DV06');
INSERT INTO ADMIN.TB_NHANSU (MANV, HOTEN, PHAI, NGSINH, PHUCAP, DT, VAITRO, MADV) VALUES ('NV017', 'Tran Thi Binh', 'Female', TO_DATE('1979-5-9', 'YYYY-MM-DD'), 500000, '0831118531', 'Giang vien', 'DV07');
INSERT INTO ADMIN.TB_NHANSU (MANV, HOTEN, PHAI, NGSINH, PHUCAP, DT, VAITRO, MADV) VALUES ('NV018', 'Nguyen Huynh Ngoc My', 'Female', TO_DATE('1975-10-26', 'YYYY-MM-DD'), 500000, '0521076012', 'Giang vien', 'DV01');
INSERT INTO ADMIN.TB_NHANSU (MANV, HOTEN, PHAI, NGSINH, PHUCAP, DT, VAITRO, MADV) VALUES ('NV019', 'Chau Thuan Phat', 'Male', TO_DATE('1966-2-20', 'YYYY-MM-DD'), 500000, '0981459624', 'Giang vien', 'DV02');
INSERT INTO ADMIN.TB_NHANSU (MANV, HOTEN, PHAI, NGSINH, PHUCAP, DT, VAITRO, MADV) VALUES ('NV020', 'Nguyen Trong Anh', 'Male', TO_DATE('1989-4-4', 'YYYY-MM-DD'), 500000, '0939141905', 'Giang vien', 'DV03');
INSERT INTO ADMIN.TB_NHANSU (MANV, HOTEN, PHAI, NGSINH, PHUCAP, DT, VAITRO, MADV) VALUES ('NV021', 'Luong Mai Huong', 'Female', TO_DATE('1989-3-18', 'YYYY-MM-DD'), 500000, '0912010722', 'Giang vien', 'DV04');
INSERT INTO ADMIN.TB_NHANSU (MANV, HOTEN, PHAI, NGSINH, PHUCAP, DT, VAITRO, MADV) VALUES ('NV022', 'Hoang Van Son', 'Male', TO_DATE('1976-6-7', 'YYYY-MM-DD'), 500000, '0127372245', 'Giang vien', 'DV05');
INSERT INTO ADMIN.TB_NHANSU (MANV, HOTEN, PHAI, NGSINH, PHUCAP, DT, VAITRO, MADV) VALUES ('NV023', 'Huynh Dao Hanh', 'Male', TO_DATE('1991-9-24', 'YYYY-MM-DD'), 500000, '0049054255', 'Giang vien', 'DV06');
INSERT INTO ADMIN.TB_NHANSU (MANV, HOTEN, PHAI, NGSINH, PHUCAP, DT, VAITRO, MADV) VALUES ('NV024', 'Le Phuoc Tan', 'Male', TO_DATE('1979-8-23', 'YYYY-MM-DD'), 500000, '0548840922', 'Giang vien', 'DV07');
INSERT INTO ADMIN.TB_NHANSU (MANV, HOTEN, PHAI, NGSINH, PHUCAP, DT, VAITRO, MADV) VALUES ('NV025', 'Vu Van Thinh', 'Male', TO_DATE('1977-9-22', 'YYYY-MM-DD'), 500000, '0143971205', 'Giang vien', 'DV01');
INSERT INTO ADMIN.TB_NHANSU (MANV, HOTEN, PHAI, NGSINH, PHUCAP, DT, VAITRO, MADV) VALUES ('NV026', 'Do Quoc Duy', 'Male', TO_DATE('1987-7-24', 'YYYY-MM-DD'), 500000, '0662667193', 'Giang vien', 'DV02');
INSERT INTO ADMIN.TB_NHANSU (MANV, HOTEN, PHAI, NGSINH, PHUCAP, DT, VAITRO, MADV) VALUES ('NV027', 'Nguyen Duc Long', 'Male', TO_DATE('1971-11-24', 'YYYY-MM-DD'), 500000, '0690575577', 'Giang vien', 'DV03');
INSERT INTO ADMIN.TB_NHANSU (MANV, HOTEN, PHAI, NGSINH, PHUCAP, DT, VAITRO, MADV) VALUES ('NV028', 'Nguyen Ky Thanh', 'Female', TO_DATE('1990-11-22', 'YYYY-MM-DD'), 500000, '0893291311', 'Giang vien', 'DV04');
INSERT INTO ADMIN.TB_NHANSU (MANV, HOTEN, PHAI, NGSINH, PHUCAP, DT, VAITRO, MADV) VALUES ('NV029', 'Duong Thi Ngan Giang', 'Female', TO_DATE('1992-7-7', 'YYYY-MM-DD'), 500000, '0875141950', 'Giang vien', 'DV05');
INSERT INTO ADMIN.TB_NHANSU (MANV, HOTEN, PHAI, NGSINH, PHUCAP, DT, VAITRO, MADV) VALUES ('NV030', 'Bui Thai Duy Quang', 'Male', TO_DATE('1991-7-13', 'YYYY-MM-DD'), 500000, '0271229886', 'Giang vien', 'DV06');
INSERT INTO ADMIN.TB_NHANSU (MANV, HOTEN, PHAI, NGSINH, PHUCAP, DT, VAITRO, MADV) VALUES ('NV031', 'Nguyen Xuan Phu', 'Male', TO_DATE('1969-10-25', 'YYYY-MM-DD'), 500000, '0755084126', 'Giang vien', 'DV07');
INSERT INTO ADMIN.TB_NHANSU (MANV, HOTEN, PHAI, NGSINH, PHUCAP, DT, VAITRO, MADV) VALUES ('NV032', 'Le Duc Tai', 'Male', TO_DATE('1985-7-22', 'YYYY-MM-DD'), 500000, '0150664850', 'Giang vien', 'DV01');
INSERT INTO ADMIN.TB_NHANSU (MANV, HOTEN, PHAI, NGSINH, PHUCAP, DT, VAITRO, MADV) VALUES ('NV033', 'Duong Ngoc Diem', 'Female', TO_DATE('1969-7-18', 'YYYY-MM-DD'), 500000, '0726959838', 'Giang vien', 'DV02');
INSERT INTO ADMIN.TB_NHANSU (MANV, HOTEN, PHAI, NGSINH, PHUCAP, DT, VAITRO, MADV) VALUES ('NV034', 'Dao Phuong Thu Uyen', 'Female', TO_DATE('1986-1-23', 'YYYY-MM-DD'), 500000, '0951450972', 'Giang vien', 'DV03');
INSERT INTO ADMIN.TB_NHANSU (MANV, HOTEN, PHAI, NGSINH, PHUCAP, DT, VAITRO, MADV) VALUES ('NV035', 'Nguyen Quoc Nam', 'Male', TO_DATE('1972-3-7', 'YYYY-MM-DD'), 500000, '0931008483', 'Giang vien', 'DV04');
INSERT INTO ADMIN.TB_NHANSU (MANV, HOTEN, PHAI, NGSINH, PHUCAP, DT, VAITRO, MADV) VALUES ('NV036', 'Nguyen Duc Dai Thang', 'Male', TO_DATE('1991-3-11', 'YYYY-MM-DD'), 500000, '0717403496', 'Giang vien', 'DV05');
INSERT INTO ADMIN.TB_NHANSU (MANV, HOTEN, PHAI, NGSINH, PHUCAP, DT, VAITRO, MADV) VALUES ('NV037', 'Tran Thi Tuyet Trinh', 'Female', TO_DATE('1983-6-23', 'YYYY-MM-DD'), 500000, '0557702709', 'Giang vien', 'DV06');
INSERT INTO ADMIN.TB_NHANSU (MANV, HOTEN, PHAI, NGSINH, PHUCAP, DT, VAITRO, MADV) VALUES ('NV038', 'Nguyen Minh Hoa', 'Female', TO_DATE('1987-2-1', 'YYYY-MM-DD'), 500000, '0693793541', 'Giang vien', 'DV07');
INSERT INTO ADMIN.TB_NHANSU (MANV, HOTEN, PHAI, NGSINH, PHUCAP, DT, VAITRO, MADV) VALUES ('NV039', 'Hoang Quoc Hung', 'Male', TO_DATE('1979-11-28', 'YYYY-MM-DD'), 500000, '0991742082', 'Giang vien', 'DV01');
INSERT INTO ADMIN.TB_NHANSU (MANV, HOTEN, PHAI, NGSINH, PHUCAP, DT, VAITRO, MADV) VALUES ('NV040', 'Pham Nhu Tram', 'Female', TO_DATE('1970-8-27', 'YYYY-MM-DD'), 500000, '0073744014', 'Giang vien', 'DV02');
INSERT INTO ADMIN.TB_NHANSU (MANV, HOTEN, PHAI, NGSINH, PHUCAP, DT, VAITRO, MADV) VALUES ('NV041', 'Le Hoai Linh', 'Male', TO_DATE('1969-9-27', 'YYYY-MM-DD'), 500000, '0100489744', 'Giang vien', 'DV03');
INSERT INTO ADMIN.TB_NHANSU (MANV, HOTEN, PHAI, NGSINH, PHUCAP, DT, VAITRO, MADV) VALUES ('NV042', 'Luong Mai Huong', 'Female', TO_DATE('1969-5-5', 'YYYY-MM-DD'), 500000, '0449513721', 'Giang vien', 'DV04');
INSERT INTO ADMIN.TB_NHANSU (MANV, HOTEN, PHAI, NGSINH, PHUCAP, DT, VAITRO, MADV) VALUES ('NV043', 'Pham Thi Van Anh', 'Female', TO_DATE('1991-1-26', 'YYYY-MM-DD'), 500000, '0027392804', 'Giang vien', 'DV05');
INSERT INTO ADMIN.TB_NHANSU (MANV, HOTEN, PHAI, NGSINH, PHUCAP, DT, VAITRO, MADV) VALUES ('NV044', 'Do Minh Nhat', 'Male', TO_DATE('1990-6-10', 'YYYY-MM-DD'), 500000, '0053002087', 'Giang vien', 'DV06');
INSERT INTO ADMIN.TB_NHANSU (MANV, HOTEN, PHAI, NGSINH, PHUCAP, DT, VAITRO, MADV) VALUES ('NV045', 'Tran Thi Tuyet Trinh', 'Female', TO_DATE('1973-11-17', 'YYYY-MM-DD'), 500000, '0818770153', 'Giang vien', 'DV07');
INSERT INTO ADMIN.TB_NHANSU (MANV, HOTEN, PHAI, NGSINH, PHUCAP, DT, VAITRO, MADV) VALUES ('NV046', 'Hoang Quoc Hung', 'Male', TO_DATE('1988-2-29', 'YYYY-MM-DD'), 500000, '0435274454', 'Giang vien', 'DV01');
INSERT INTO ADMIN.TB_NHANSU (MANV, HOTEN, PHAI, NGSINH, PHUCAP, DT, VAITRO, MADV) VALUES ('NV047', 'Do Thi My Nhan', 'Female', TO_DATE('1988-3-18', 'YYYY-MM-DD'), 500000, '0854265463', 'Giang vien', 'DV02');
INSERT INTO ADMIN.TB_NHANSU (MANV, HOTEN, PHAI, NGSINH, PHUCAP, DT, VAITRO, MADV) VALUES ('NV048', 'Tran Van Bao', 'Male', TO_DATE('1981-7-3', 'YYYY-MM-DD'), 500000, '0013991906', 'Giang vien', 'DV03');
INSERT INTO ADMIN.TB_NHANSU (MANV, HOTEN, PHAI, NGSINH, PHUCAP, DT, VAITRO, MADV) VALUES ('NV049', 'Nong Van Thuc', 'Male', TO_DATE('1989-10-25', 'YYYY-MM-DD'), 500000, '0316833389', 'Giang vien', 'DV04');
INSERT INTO ADMIN.TB_NHANSU (MANV, HOTEN, PHAI, NGSINH, PHUCAP, DT, VAITRO, MADV) VALUES ('NV050', 'Sung Thanh', 'Male', TO_DATE('1967-6-6', 'YYYY-MM-DD'), 500000, '0783200856', 'Giang vien', 'DV05');
INSERT INTO ADMIN.TB_NHANSU (MANV, HOTEN, PHAI, NGSINH, PHUCAP, DT, VAITRO, MADV) VALUES ('NV051', 'Pham Quang Nghia', 'Male', TO_DATE('1970-3-29', 'YYYY-MM-DD'), 500000, '0773062153', 'Giang vien', 'DV06');
INSERT INTO ADMIN.TB_NHANSU (MANV, HOTEN, PHAI, NGSINH, PHUCAP, DT, VAITRO, MADV) VALUES ('NV052', 'Nguyen Thi Thanh Lan', 'Female', TO_DATE('1991-1-18', 'YYYY-MM-DD'), 500000, '0869552881', 'Giang vien', 'DV07');
INSERT INTO ADMIN.TB_NHANSU (MANV, HOTEN, PHAI, NGSINH, PHUCAP, DT, VAITRO, MADV) VALUES ('NV053', 'Truong Quang Khai', 'Male', TO_DATE('1984-10-13', 'YYYY-MM-DD'), 500000, '0786117192', 'Giang vien', 'DV01');
INSERT INTO ADMIN.TB_NHANSU (MANV, HOTEN, PHAI, NGSINH, PHUCAP, DT, VAITRO, MADV) VALUES ('NV054', 'Nguyen Hong Hien', 'Female', TO_DATE('1987-7-7', 'YYYY-MM-DD'), 500000, '0194401726', 'Giang vien', 'DV02');
INSERT INTO ADMIN.TB_NHANSU (MANV, HOTEN, PHAI, NGSINH, PHUCAP, DT, VAITRO, MADV) VALUES ('NV055', 'Ho Thi Thanh Van', 'Female', TO_DATE('1986-10-1', 'YYYY-MM-DD'), 500000, '0057002291', 'Giang vien', 'DV03');
INSERT INTO ADMIN.TB_NHANSU (MANV, HOTEN, PHAI, NGSINH, PHUCAP, DT, VAITRO, MADV) VALUES ('NV056', 'Do Le Hanh Trang', 'Female', TO_DATE('1969-4-15', 'YYYY-MM-DD'), 500000, '0892504214', 'Giang vien', 'DV04');
INSERT INTO ADMIN.TB_NHANSU (MANV, HOTEN, PHAI, NGSINH, PHUCAP, DT, VAITRO, MADV) VALUES ('NV057', 'Dao Thi Thanh Huong', 'Female', TO_DATE('1994-1-28', 'YYYY-MM-DD'), 500000, '0955406578', 'Giang vien', 'DV05');
INSERT INTO ADMIN.TB_NHANSU (MANV, HOTEN, PHAI, NGSINH, PHUCAP, DT, VAITRO, MADV) VALUES ('NV058', 'Tram Nu Hong Phan', 'Female', TO_DATE('1972-10-21', 'YYYY-MM-DD'), 500000, '0898598828', 'Giang vien', 'DV06');
INSERT INTO ADMIN.TB_NHANSU (MANV, HOTEN, PHAI, NGSINH, PHUCAP, DT, VAITRO, MADV) VALUES ('NV059', 'Nguyen Dinh Cam', 'Female', TO_DATE('1994-6-22', 'YYYY-MM-DD'), 500000, '0669919441', 'Giang vien', 'DV07');
INSERT INTO ADMIN.TB_NHANSU (MANV, HOTEN, PHAI, NGSINH, PHUCAP, DT, VAITRO, MADV) VALUES ('NV060', 'Vo Chi Kham', 'Male', TO_DATE('1988-4-11', 'YYYY-MM-DD'), 500000, '0913454012', 'Giang vien', 'DV01');
INSERT INTO ADMIN.TB_NHANSU (MANV, HOTEN, PHAI, NGSINH, PHUCAP, DT, VAITRO, MADV) VALUES ('NV061', 'Chung Nguyen Kim Ngan', 'Female', TO_DATE('1981-6-3', 'YYYY-MM-DD'), 500000, '0309159042', 'Giang vien', 'DV02');
INSERT INTO ADMIN.TB_NHANSU (MANV, HOTEN, PHAI, NGSINH, PHUCAP, DT, VAITRO, MADV) VALUES ('NV062', 'Vo Le Thi Hong Thuy', 'Female', TO_DATE('1975-7-27', 'YYYY-MM-DD'), 500000, '0485376221', 'Giang vien', 'DV03');
INSERT INTO ADMIN.TB_NHANSU (MANV, HOTEN, PHAI, NGSINH, PHUCAP, DT, VAITRO, MADV) VALUES ('NV063', 'Tran Manh Quan', 'Male', TO_DATE('1972-2-11', 'YYYY-MM-DD'), 500000, '0005451862', 'Giang vien', 'DV04');
INSERT INTO ADMIN.TB_NHANSU (MANV, HOTEN, PHAI, NGSINH, PHUCAP, DT, VAITRO, MADV) VALUES ('NV064', 'Pham Ngoc Han', 'Female', TO_DATE('1966-4-12', 'YYYY-MM-DD'), 500000, '0651677571', 'Giang vien', 'DV05');
INSERT INTO ADMIN.TB_NHANSU (MANV, HOTEN, PHAI, NGSINH, PHUCAP, DT, VAITRO, MADV) VALUES ('NV065', 'Vuong Quoc Huy', 'Male', TO_DATE('1965-3-17', 'YYYY-MM-DD'), 500000, '0656194826', 'Giang vien', 'DV06');
INSERT INTO ADMIN.TB_NHANSU (MANV, HOTEN, PHAI, NGSINH, PHUCAP, DT, VAITRO, MADV) VALUES ('NV066', 'Do Minh Nhat', 'Male', TO_DATE('1970-11-24', 'YYYY-MM-DD'), 500000, '0660116292', 'Giang vien', 'DV07');
INSERT INTO ADMIN.TB_NHANSU (MANV, HOTEN, PHAI, NGSINH, PHUCAP, DT, VAITRO, MADV) VALUES ('NV067', 'Ho Thi Thuy Duyen', 'Female', TO_DATE('1993-7-5', 'YYYY-MM-DD'), 500000, '0090157815', 'Giang vien', 'DV01');
INSERT INTO ADMIN.TB_NHANSU (MANV, HOTEN, PHAI, NGSINH, PHUCAP, DT, VAITRO, MADV) VALUES ('NV068', 'Tran Kha Y', 'Female', TO_DATE('1984-7-11', 'YYYY-MM-DD'), 500000, '0915524016', 'Giang vien', 'DV02');
INSERT INTO ADMIN.TB_NHANSU (MANV, HOTEN, PHAI, NGSINH, PHUCAP, DT, VAITRO, MADV) VALUES ('NV069', 'Huynh Dao Hanh', 'Male', TO_DATE('1974-10-27', 'YYYY-MM-DD'), 500000, '0033154783', 'Giang vien', 'DV03');
INSERT INTO ADMIN.TB_NHANSU (MANV, HOTEN, PHAI, NGSINH, PHUCAP, DT, VAITRO, MADV) VALUES ('NV070', 'Le Thi Ngoc Tu', 'Female', TO_DATE('1973-9-23', 'YYYY-MM-DD'), 500000, '0349355147', 'Giang vien', 'DV04');
INSERT INTO ADMIN.TB_NHANSU (MANV, HOTEN, PHAI, NGSINH, PHUCAP, DT, VAITRO, MADV) VALUES ('NV071', 'Hoang Phuong My', 'Female', TO_DATE('1965-5-11', 'YYYY-MM-DD'), 500000, '0468021522', 'Giang vien', 'DV05');
INSERT INTO ADMIN.TB_NHANSU (MANV, HOTEN, PHAI, NGSINH, PHUCAP, DT, VAITRO, MADV) VALUES ('NV072', 'Le Thi Thanh Thanh', 'Female', TO_DATE('1979-1-8', 'YYYY-MM-DD'), 500000, '0925230618', 'Giang vien', 'DV06');
INSERT INTO ADMIN.TB_NHANSU (MANV, HOTEN, PHAI, NGSINH, PHUCAP, DT, VAITRO, MADV) VALUES ('NV073', 'Phan Duy Hung', 'Male', TO_DATE('1967-1-11', 'YYYY-MM-DD'), 500000, '0115051675', 'Giang vien', 'DV07');
INSERT INTO ADMIN.TB_NHANSU (MANV, HOTEN, PHAI, NGSINH, PHUCAP, DT, VAITRO, MADV) VALUES ('NV074', 'Tran Huynh Nam Minh', 'Male', TO_DATE('1978-8-23', 'YYYY-MM-DD'), 500000, '0300202365', 'Giang vien', 'DV01');
INSERT INTO ADMIN.TB_NHANSU (MANV, HOTEN, PHAI, NGSINH, PHUCAP, DT, VAITRO, MADV) VALUES ('NV075', 'Pham Thi Cam Nhung', 'Female', TO_DATE('1979-5-15', 'YYYY-MM-DD'), 500000, '0848372333', 'Giang vien', 'DV02');
INSERT INTO ADMIN.TB_NHANSU (MANV, HOTEN, PHAI, NGSINH, PHUCAP, DT, VAITRO, MADV) VALUES ('NV076', 'Tran Van Quynh', 'Female', TO_DATE('1985-5-18', 'YYYY-MM-DD'), 500000, '0444959016', 'Giang vien', 'DV03');
INSERT INTO ADMIN.TB_NHANSU (MANV, HOTEN, PHAI, NGSINH, PHUCAP, DT, VAITRO, MADV) VALUES ('NV077', 'Bui Thi Thuy Lan', 'Female', TO_DATE('1981-2-19', 'YYYY-MM-DD'), 500000, '0407527763', 'Giang vien', 'DV04');
INSERT INTO ADMIN.TB_NHANSU (MANV, HOTEN, PHAI, NGSINH, PHUCAP, DT, VAITRO, MADV) VALUES ('NV078', 'Dao Phuong Thu Uyen', 'Female', TO_DATE('1969-5-11', 'YYYY-MM-DD'), 500000, '0127955299', 'Giang vien', 'DV05');
INSERT INTO ADMIN.TB_NHANSU (MANV, HOTEN, PHAI, NGSINH, PHUCAP, DT, VAITRO, MADV) VALUES ('NV079', 'Tran Huu An', 'Male', TO_DATE('1975-10-13', 'YYYY-MM-DD'), 500000, '0139534546', 'Giang vien', 'DV06');
INSERT INTO ADMIN.TB_NHANSU (MANV, HOTEN, PHAI, NGSINH, PHUCAP, DT, VAITRO, MADV) VALUES ('NV080', 'Ngo Manh Hung', 'Male', TO_DATE('1975-10-15', 'YYYY-MM-DD'), 500000, '0112865631', 'Giang vien', 'DV07');
INSERT INTO ADMIN.TB_NHANSU (MANV, HOTEN, PHAI, NGSINH, PHUCAP, DT, VAITRO, MADV) VALUES ('NV081', 'Quach Truong An', 'Male', TO_DATE('1971-9-4', 'YYYY-MM-DD'), 500000, '0722527046', 'Giang vien', 'DV01');
INSERT INTO ADMIN.TB_NHANSU (MANV, HOTEN, PHAI, NGSINH, PHUCAP, DT, VAITRO, MADV) VALUES ('NV082', 'Bui Xuan Tuyen', 'Male', TO_DATE('1974-2-14', 'YYYY-MM-DD'), 500000, '0083936490', 'Giang vien', 'DV02');
INSERT INTO ADMIN.TB_NHANSU (MANV, HOTEN, PHAI, NGSINH, PHUCAP, DT, VAITRO, MADV) VALUES ('NV083', 'Dao Thi Nhu Binh', 'Female', TO_DATE('1976-10-27', 'YYYY-MM-DD'), 500000, '0012308862', 'Giang vien', 'DV03');
INSERT INTO ADMIN.TB_NHANSU (MANV, HOTEN, PHAI, NGSINH, PHUCAP, DT, VAITRO, MADV) VALUES ('NV084', 'Dang Lam Hai Dang', 'Male', TO_DATE('1987-6-21', 'YYYY-MM-DD'), 500000, '0692845540', 'Giang vien', 'DV04');
INSERT INTO ADMIN.TB_NHANSU (MANV, HOTEN, PHAI, NGSINH, PHUCAP, DT, VAITRO, MADV) VALUES ('NV085', 'Lam Thi Hong Duyen', 'Female', TO_DATE('1981-8-1', 'YYYY-MM-DD'), 500000, '0400704353', 'Giang vien', 'DV05');
INSERT INTO ADMIN.TB_NHANSU (MANV, HOTEN, PHAI, NGSINH, PHUCAP, DT, VAITRO, MADV) VALUES ('NV086', 'Bui Trung Kien', 'Male', TO_DATE('1985-9-26', 'YYYY-MM-DD'), 500000, '0646887663', 'Giang vien', 'DV06');
INSERT INTO ADMIN.TB_NHANSU (MANV, HOTEN, PHAI, NGSINH, PHUCAP, DT, VAITRO, MADV) VALUES ('NV087', 'Dao Thi Nhu Binh', 'Female', TO_DATE('1985-5-5', 'YYYY-MM-DD'), 500000, '0698972437', 'Giang vien', 'DV07');
INSERT INTO ADMIN.TB_NHANSU (MANV, HOTEN, PHAI, NGSINH, PHUCAP, DT, VAITRO, MADV) VALUES ('NV088', 'Vo Le Thi Hong Thuy', 'Female', TO_DATE('1984-10-24', 'YYYY-MM-DD'), 500000, '0624695130', 'Giang vien', 'DV01');
INSERT INTO ADMIN.TB_NHANSU (MANV, HOTEN, PHAI, NGSINH, PHUCAP, DT, VAITRO, MADV) VALUES ('NV089', 'Nguyen Ngoc Nhu', 'Female', TO_DATE('1988-3-24', 'YYYY-MM-DD'), 500000, '0860558214', 'Giang vien', 'DV02');
INSERT INTO ADMIN.TB_NHANSU (MANV, HOTEN, PHAI, NGSINH, PHUCAP, DT, VAITRO, MADV) VALUES ('NV090', 'Nguyen Ky Thanh', 'Female', TO_DATE('1967-4-5', 'YYYY-MM-DD'), 500000, '0015803146', 'Giang vien', 'DV03');
INSERT INTO ADMIN.TB_NHANSU (MANV, HOTEN, PHAI, NGSINH, PHUCAP, DT, VAITRO, MADV) VALUES ('NV091', 'Pham Nhu Tram', 'Female', TO_DATE('1992-5-22', 'YYYY-MM-DD'), 450000, '0921491914', 'Giao vu', 'DV01');
INSERT INTO ADMIN.TB_NHANSU (MANV, HOTEN, PHAI, NGSINH, PHUCAP, DT, VAITRO, MADV) VALUES ('NV092', 'Le Ba Toan', 'Male', TO_DATE('1991-6-12', 'YYYY-MM-DD'), 700000, '0626671403', 'Giao vu', 'DV01');
INSERT INTO ADMIN.TB_NHANSU (MANV, HOTEN, PHAI, NGSINH, PHUCAP, DT, VAITRO, MADV) VALUES ('NV093', 'Ma Thanh Nam', 'Male', TO_DATE('1994-1-22', 'YYYY-MM-DD'), 320000, '0541031346', 'Giao vu', 'DV01');
INSERT INTO ADMIN.TB_NHANSU (MANV, HOTEN, PHAI, NGSINH, PHUCAP, DT, VAITRO, MADV) VALUES ('NV094', 'Ma Thanh Dong', 'Male', TO_DATE('1969-6-1', 'YYYY-MM-DD'), 650000, '0453592694', 'Giao vu', 'DV01');
INSERT INTO ADMIN.TB_NHANSU (MANV, HOTEN, PHAI, NGSINH, PHUCAP, DT, VAITRO, MADV) VALUES ('NV095', 'Vo Nguyen Thuy Duyen', 'Female', TO_DATE('1987-4-23', 'YYYY-MM-DD'), 450000, '0904572712', 'Giao vu', 'DV01');
INSERT INTO ADMIN.TB_NHANSU (MANV, HOTEN, PHAI, NGSINH, PHUCAP, DT, VAITRO, MADV) VALUES ('NV096', 'Nguyen Phi Dinh', 'Male', TO_DATE('1984-2-5', 'YYYY-MM-DD'), 700000, '0175288423', 'Giao vu', 'DV01');
INSERT INTO ADMIN.TB_NHANSU (MANV, HOTEN, PHAI, NGSINH, PHUCAP, DT, VAITRO, MADV) VALUES ('NV097', 'Vo Doan Kim Nhu', 'Female', TO_DATE('1976-11-7', 'YYYY-MM-DD'), 320000, '0286636906', 'Giao vu', 'DV01');
INSERT INTO ADMIN.TB_NHANSU (MANV, HOTEN, PHAI, NGSINH, PHUCAP, DT, VAITRO, MADV) VALUES ('NV098', 'Bui Thi Khanh Ly', 'Female', TO_DATE('1989-8-4', 'YYYY-MM-DD'), 650000, '0253610892', 'Giao vu', 'DV01');
INSERT INTO ADMIN.TB_NHANSU (MANV, HOTEN, PHAI, NGSINH, PHUCAP, DT, VAITRO, MADV) VALUES ('NV099', 'Le Loi', 'Male', TO_DATE('1988-2-8', 'YYYY-MM-DD'), 450000, '0048677520', 'Giao vu', 'DV01');
INSERT INTO ADMIN.TB_NHANSU (MANV, HOTEN, PHAI, NGSINH, PHUCAP, DT, VAITRO, MADV) VALUES ('NV100', 'Dang Doan Minh Thi', 'Female', TO_DATE('1983-8-16', 'YYYY-MM-DD'), 700000, '0337091781', 'Giao vu', 'DV01');
INSERT INTO ADMIN.TB_NHANSU (MANV, HOTEN, PHAI, NGSINH, PHUCAP, DT, VAITRO, MADV) VALUES ('NV101', 'Duong Huu Thanh', 'Male', TO_DATE('1978-3-5', 'YYYY-MM-DD'), 1000000, '0430110467', 'Truong don vi', 'DV02');
INSERT INTO ADMIN.TB_NHANSU (MANV, HOTEN, PHAI, NGSINH, PHUCAP, DT, VAITRO, MADV) VALUES ('NV102', 'Tran Ly Lam', 'Male', TO_DATE('1973-9-26', 'YYYY-MM-DD'), 1000000, '0585517852', 'Truong don vi', 'DV03');
INSERT INTO ADMIN.TB_NHANSU (MANV, HOTEN, PHAI, NGSINH, PHUCAP, DT, VAITRO, MADV) VALUES ('NV103', 'Nguyen Thi Mai Huong', 'Female', TO_DATE('1981-4-1', 'YYYY-MM-DD'), 1000000, '0595089244', 'Truong don vi', 'DV04');
INSERT INTO ADMIN.TB_NHANSU (MANV, HOTEN, PHAI, NGSINH, PHUCAP, DT, VAITRO, MADV) VALUES ('NV104', 'Van Nam Toan', 'Male', TO_DATE('1976-10-18', 'YYYY-MM-DD'), 1000000, '0393404550', 'Truong don vi', 'DV05');
INSERT INTO ADMIN.TB_NHANSU (MANV, HOTEN, PHAI, NGSINH, PHUCAP, DT, VAITRO, MADV) VALUES ('NV105', 'Van Y Thu', 'Female', TO_DATE('1992-9-22', 'YYYY-MM-DD'), 1000000, '0261712407', 'Truong don vi', 'DV06');
INSERT INTO ADMIN.TB_NHANSU (MANV, HOTEN, PHAI, NGSINH, PHUCAP, DT, VAITRO, MADV) VALUES ('NV106', 'Tran Huynh Ngoc ', 'Female', TO_DATE('1990-3-9', 'YYYY-MM-DD'), 1000000, '0635144078', 'Truong don vi', 'DV07');
INSERT INTO ADMIN.TB_NHANSU (MANV, HOTEN, PHAI, NGSINH, PHUCAP, DT, VAITRO, MADV) VALUES ('NV107', 'Phan Lam Ngoc', 'Male', TO_DATE('1965-10-12', 'YYYY-MM-DD'), 1500000, '0725175520', 'Truong khoa', 'DV01');
--Update BANG TB_DONVI TRGDV
UPDATE ADMIN.TB_DONVI SET TRGDV = 'NV101' WHERE MADV = 'DV02';
UPDATE ADMIN.TB_DONVI SET TRGDV = 'NV102' WHERE MADV = 'DV03';
UPDATE ADMIN.TB_DONVI SET TRGDV = 'NV103' WHERE MADV = 'DV04';
UPDATE ADMIN.TB_DONVI SET TRGDV = 'NV104' WHERE MADV = 'DV05';
UPDATE ADMIN.TB_DONVI SET TRGDV = 'NV105' WHERE MADV = 'DV06';
UPDATE ADMIN.TB_DONVI SET TRGDV = 'NV106' WHERE MADV = 'DV07';
UPDATE ADMIN.TB_DONVI SET TRGDV = 'NV107' WHERE MADV = 'DV01';
--BANG TB_SINHVIEN
INSERT INTO ADMIN.TB_SINHVIEN (MASV, HOTEN, PHAI, NGSINH, DCHI, DT, MACT, MANGANH, SOTCTL, DTBTL) VALUES ('SV120216', 'Huynh Phuc Dat', 'Male', TO_DATE('2003-10-12', 'YYYY-MM-DD'), 'Address ABA', '0987654321', 'CQ', 'HTTT', 100, 7.5);
INSERT INTO ADMIN.TB_SINHVIEN (MASV, HOTEN, PHAI, NGSINH, DCHI, DT, MACT, MANGANH, SOTCTL, DTBTL) VALUES ('SV120221', 'Son Bao Di', 'Male', TO_DATE('2003-09-01', 'YYYY-MM-DD'), 'Address ABB', '0523604955', 'CQ', 'CNPM', 98, 7.8);
INSERT INTO ADMIN.TB_SINHVIEN (MASV, HOTEN, PHAI, NGSINH, DCHI, DT, MACT, MANGANH, SOTCTL, DTBTL) VALUES ('SV120222', 'Hoang Thi Dieu', 'Female', TO_DATE('2003-07-19', 'YYYY-MM-DD'), 'Address ABC', '0210824232', 'CQ', 'KHMT', 88, 8.2);
INSERT INTO ADMIN.TB_SINHVIEN (MASV, HOTEN, PHAI, NGSINH, DCHI, DT, MACT, MANGANH, SOTCTL, DTBTL) VALUES ('SV120238', 'Nguyen Thu Ha', 'Female', TO_DATE('2003-09-04', 'YYYY-MM-DD'), 'Address ABD', '0993401963', 'CQ', 'TGMT', 96, 7.4);
INSERT INTO ADMIN.TB_SINHVIEN (MASV, HOTEN, PHAI, NGSINH, DCHI, DT, MACT, MANGANH, SOTCTL, DTBTL) VALUES ('SV120242', 'Huynh Thi Kieu Hoa', 'Female', TO_DATE('2003-12-12', 'YYYY-MM-DD'), 'Address ABE', '0383654149', 'CQ', 'MMTVT', 100, 9.2);
INSERT INTO ADMIN.TB_SINHVIEN (MASV, HOTEN, PHAI, NGSINH, DCHI, DT, MACT, MANGANH, SOTCTL, DTBTL) VALUES ('SV120251', 'Bui Xuan Tuyen', 'Male', TO_DATE('2003-08-23', 'YYYY-MM-DD'), 'Address ABH', '0980256760', 'CQ', 'KHMT', 98, 6.6);
INSERT INTO ADMIN.TB_SINHVIEN (MASV, HOTEN, PHAI, NGSINH, DCHI, DT, MACT, MANGANH, SOTCTL, DTBTL) VALUES ('SV120341', 'Nguyen Quoc Thanh', 'Male', TO_DATE('2003-02-10', 'YYYY-MM-DD'), 'Address ABF', '0117100624', 'CQ', 'HTTT', 120, 8.4);
INSERT INTO ADMIN.TB_SINHVIEN (MASV, HOTEN, PHAI, NGSINH, DCHI, DT, MACT, MANGANH, SOTCTL, DTBTL) VALUES ('SV120387', 'Nguyen Dieu Ngoc Phung', 'Female', TO_DATE('2003-01-15', 'YYYY-MM-DD'), 'Address ABG', '0348788885', 'CQ', 'CNPM', 100, 7.8);
INSERT INTO ADMIN.TB_SINHVIEN (MASV, HOTEN, PHAI, NGSINH, DCHI, DT, MACT, MANGANH, SOTCTL, DTBTL) VALUES ('SV120517', 'Mai Hoang Hai', 'Male', TO_DATE('2003-04-01', 'YYYY-MM-DD'), 'Address ABI', '0328148201', 'CQ', 'TGMT', 88, 8.9);
INSERT INTO ADMIN.TB_SINHVIEN (MASV, HOTEN, PHAI, NGSINH, DCHI, DT, MACT, MANGANH, SOTCTL, DTBTL) VALUES ('SV120577', 'Nguyen Duc Sam', 'Male', TO_DATE('2003-06-10', 'YYYY-MM-DD'), 'Address ABJ', '0941829708', 'CQ', 'MMTVT', 96, 9.4);
INSERT INTO ADMIN.TB_SINHVIEN (MASV, HOTEN, PHAI, NGSINH, DCHI, DT, MACT, MANGANH, SOTCTL, DTBTL) VALUES ('SV127116', 'To Ngoc Thien Phu', 'Male', TO_DATE('2003-11-09', 'YYYY-MM-DD'), 'Address ABK', '0271306973', 'CLC', 'HTTT', 100, 6.7);
INSERT INTO ADMIN.TB_SINHVIEN (MASV, HOTEN, PHAI, NGSINH, DCHI, DT, MACT, MANGANH, SOTCTL, DTBTL) VALUES ('SV127117', 'Tran Hai Dang', 'Male', TO_DATE('2003-10-20', 'YYYY-MM-DD'), 'Address ABL', '0461376296', 'CLC', 'CNPM', 120, 8.3);
INSERT INTO ADMIN.TB_SINHVIEN (MASV, HOTEN, PHAI, NGSINH, DCHI, DT, MACT, MANGANH, SOTCTL, DTBTL) VALUES ('SV127118', 'Dao Phuong Thu Uyen', 'Female', TO_DATE('2003-05-31', 'YYYY-MM-DD'), 'Address ABM', '0668741711', 'CLC', 'KHMT', 106, 7.2);
INSERT INTO ADMIN.TB_SINHVIEN (MASV, HOTEN, PHAI, NGSINH, DCHI, DT, MACT, MANGANH, SOTCTL, DTBTL) VALUES ('SV127119', 'Nguyen Le Trung', 'Male', TO_DATE('2003-06-19', 'YYYY-MM-DD'), 'Address ABN', '0443674362', 'CLC', 'TGMT', 88, 7.7);
INSERT INTO ADMIN.TB_SINHVIEN (MASV, HOTEN, PHAI, NGSINH, DCHI, DT, MACT, MANGANH, SOTCTL, DTBTL) VALUES ('SV127120', 'Nguyen Phan Hoai Linh', 'Male', TO_DATE('2003-06-24', 'YYYY-MM-DD'), 'Address ABO', '0663801431', 'CLC', 'MMTVT', 96, 6.9);
INSERT INTO ADMIN.TB_SINHVIEN (MASV, HOTEN, PHAI, NGSINH, DCHI, DT, MACT, MANGANH, SOTCTL, DTBTL) VALUES ('SV127121', 'Nguyen Lam Truong', 'Male', TO_DATE('2003-03-02', 'YYYY-MM-DD'), 'Address ABP', '0787552634', 'CLC', 'HTTT', 100, 7.4);
INSERT INTO ADMIN.TB_SINHVIEN (MASV, HOTEN, PHAI, NGSINH, DCHI, DT, MACT, MANGANH, SOTCTL, DTBTL) VALUES ('SV127122', 'Dao Viet Nam', 'Female', TO_DATE('2003-12-23', 'YYYY-MM-DD'), 'Address ABQ', '0983250787', 'CLC', 'CNPM', 100, 6.5);
INSERT INTO ADMIN.TB_SINHVIEN (MASV, HOTEN, PHAI, NGSINH, DCHI, DT, MACT, MANGANH, SOTCTL, DTBTL) VALUES ('SV127123', 'Vu Thi Bich Tuyen', 'Female', TO_DATE('2003-08-12', 'YYYY-MM-DD'), 'Address ABR', '0435826969', 'CLC', 'KHMT', 98, 6.9);
INSERT INTO ADMIN.TB_SINHVIEN (MASV, HOTEN, PHAI, NGSINH, DCHI, DT, MACT, MANGANH, SOTCTL, DTBTL) VALUES ('SV127124', 'Ho Thi Thanh Van', 'Female', TO_DATE('2003-08-29', 'YYYY-MM-DD'), 'Address ABS', '0769525898', 'CLC', 'TGMT', 88, 7.2);
INSERT INTO ADMIN.TB_SINHVIEN (MASV, HOTEN, PHAI, NGSINH, DCHI, DT, MACT, MANGANH, SOTCTL, DTBTL) VALUES ('SV127125', 'Phan Thi Linh', 'Male', TO_DATE('2003-09-17', 'YYYY-MM-DD'), 'Address ABT', '0881106285', 'CLC', 'MMTVT', 96, 7.4);
INSERT INTO ADMIN.TB_SINHVIEN (MASV, HOTEN, PHAI, NGSINH, DCHI, DT, MACT, MANGANH, SOTCTL, DTBTL) VALUES ('SV125103', 'Duong Ngoc Diem', 'Female', TO_DATE('2003-10-01', 'YYYY-MM-DD'), 'Address ABU', '0792385971', 'CTTT', 'HTTT', 100, 6.7);
INSERT INTO ADMIN.TB_SINHVIEN (MASV, HOTEN, PHAI, NGSINH, DCHI, DT, MACT, MANGANH, SOTCTL, DTBTL) VALUES ('SV125104', 'Phan Thi Diem Kieu', 'Female', TO_DATE('2003-08-06', 'YYYY-MM-DD'), 'Address ABV', '0895858338', 'CTTT', 'CNPM', 120, 8.5);
INSERT INTO ADMIN.TB_SINHVIEN (MASV, HOTEN, PHAI, NGSINH, DCHI, DT, MACT, MANGANH, SOTCTL, DTBTL) VALUES ('SV125105', 'Tran Hoang Mai', 'Female', TO_DATE('2003-02-27', 'YYYY-MM-DD'), 'Address ABX', '0660881509', 'CTTT', 'KHMT', 106, 8.6);
INSERT INTO ADMIN.TB_SINHVIEN (MASV, HOTEN, PHAI, NGSINH, DCHI, DT, MACT, MANGANH, SOTCTL, DTBTL) VALUES ('SV125106', 'Le Binh Khang', 'Male', TO_DATE('2003-12-09', 'YYYY-MM-DD'), 'Address ABY', '0960298785', 'CTTT', 'TGMT', 100, 8.2);
INSERT INTO ADMIN.TB_SINHVIEN (MASV, HOTEN, PHAI, NGSINH, DCHI, DT, MACT, MANGANH, SOTCTL, DTBTL) VALUES ('SV125107', 'Tran Cong Minh', 'Male', TO_DATE('2003-07-16', 'YYYY-MM-DD'), 'Address ABZ', '0748323266', 'CTTT', 'MMTVT', 98, 7.8);
INSERT INTO ADMIN.TB_SINHVIEN (MASV, HOTEN, PHAI, NGSINH, DCHI, DT, MACT, MANGANH, SOTCTL, DTBTL) VALUES ('SV125108', 'Nguyen Quoc Hop', 'Male', TO_DATE('2003-05-12', 'YYYY-MM-DD'), 'Address ACA', '0836815965', 'CTTT', 'HTTT', 88, 8.2);
INSERT INTO ADMIN.TB_SINHVIEN (MASV, HOTEN, PHAI, NGSINH, DCHI, DT, MACT, MANGANH, SOTCTL, DTBTL) VALUES ('SV125109', 'Quach Hai Tho', 'Male', TO_DATE('2003-01-01', 'YYYY-MM-DD'), 'Address ACB', '0644673542', 'CTTT', 'CNPM', 96, 7.7);
INSERT INTO ADMIN.TB_SINHVIEN (MASV, HOTEN, PHAI, NGSINH, DCHI, DT, MACT, MANGANH, SOTCTL, DTBTL) VALUES ('SV125110', 'Nguyen Duc Huynh Long', 'Male', TO_DATE('2003-01-31', 'YYYY-MM-DD'), 'Address ACC', '0305238564', 'CTTT', 'KHMT', 100, 6.3);
INSERT INTO ADMIN.TB_SINHVIEN (MASV, HOTEN, PHAI, NGSINH, DCHI, DT, MACT, MANGANH, SOTCTL, DTBTL) VALUES ('SV125111', 'Vo Thi Hoang Anh', 'Female', TO_DATE('2003-03-20', 'YYYY-MM-DD'), 'Address ACD', '0625306803', 'CTTT', 'TGMT', 120, 6.9);
INSERT INTO ADMIN.TB_SINHVIEN (MASV, HOTEN, PHAI, NGSINH, DCHI, DT, MACT, MANGANH, SOTCTL, DTBTL) VALUES ('SV125112', 'Nguyen Vo Bao Huy', 'Male', TO_DATE('2003-10-12', 'YYYY-MM-DD'), 'Address ACE', '0808366710', 'CTTT', 'MMTVT', 106, 6.7);
INSERT INTO ADMIN.TB_SINHVIEN (MASV, HOTEN, PHAI, NGSINH, DCHI, DT, MACT, MANGANH, SOTCTL, DTBTL) VALUES ('SV126102', 'Mai Cong Thai', 'Female', TO_DATE('2003-11-19', 'YYYY-MM-DD'), 'Address ACF', '0240864620', 'VP', 'HTTT', 120, 7.4);
INSERT INTO ADMIN.TB_SINHVIEN (MASV, HOTEN, PHAI, NGSINH, DCHI, DT, MACT, MANGANH, SOTCTL, DTBTL) VALUES ('SV126103', 'Pham Xuan Linh', 'Female', TO_DATE('2003-09-18', 'YYYY-MM-DD'), 'Address ACG', '0463994585', 'VP', 'CNPM', 106, 6.9);
INSERT INTO ADMIN.TB_SINHVIEN (MASV, HOTEN, PHAI, NGSINH, DCHI, DT, MACT, MANGANH, SOTCTL, DTBTL) VALUES ('SV126104', 'Tran Nhu Y', 'Female', TO_DATE('2003-05-19', 'YYYY-MM-DD'), 'Address ACH', '0238175747', 'VP', 'KHMT', 100, 9.1);
INSERT INTO ADMIN.TB_SINHVIEN (MASV, HOTEN, PHAI, NGSINH, DCHI, DT, MACT, MANGANH, SOTCTL, DTBTL) VALUES ('SV126105', 'Ho Thi Thanh Hoa', 'Female', TO_DATE('2003-12-12', 'YYYY-MM-DD'), 'Address ACI', '0402589951', 'VP', 'TGMT', 98, 8.4);
INSERT INTO ADMIN.TB_SINHVIEN (MASV, HOTEN, PHAI, NGSINH, DCHI, DT, MACT, MANGANH, SOTCTL, DTBTL) VALUES ('SV126106', 'Duong Kim Tinh', 'Female', TO_DATE('2003-04-15', 'YYYY-MM-DD'), 'Address ACJ', '0656046504', 'VP', 'MMTVT', 88, 8.6);
INSERT INTO ADMIN.TB_SINHVIEN (MASV, HOTEN, PHAI, NGSINH, DCHI, DT, MACT, MANGANH, SOTCTL, DTBTL) VALUES ('SV126107', 'Truong Thi Nhu Y', 'Female', TO_DATE('2003-01-22', 'YYYY-MM-DD'), 'Address ACK', '0974881356', 'VP', 'HTTT', 96, 6.4);
INSERT INTO ADMIN.TB_SINHVIEN (MASV, HOTEN, PHAI, NGSINH, DCHI, DT, MACT, MANGANH, SOTCTL, DTBTL) VALUES ('SV126108', 'Vu Nhu Tan', 'Male', TO_DATE('2003-05-14', 'YYYY-MM-DD'), 'Address ACL', '0302551556', 'VP', 'CNPM', 100, 7.1);
INSERT INTO ADMIN.TB_SINHVIEN (MASV, HOTEN, PHAI, NGSINH, DCHI, DT, MACT, MANGANH, SOTCTL, DTBTL) VALUES ('SV126109', 'Nguyen Tran Quoc Nam', 'Male', TO_DATE('2003-10-23', 'YYYY-MM-DD'), 'Address ACM', '0532136787', 'VP', 'KHMT', 120, 7.8);
INSERT INTO ADMIN.TB_SINHVIEN (MASV, HOTEN, PHAI, NGSINH, DCHI, DT, MACT, MANGANH, SOTCTL, DTBTL) VALUES ('SV126110', 'Vuong Duc Tuan', 'Male', TO_DATE('2003-05-12', 'YYYY-MM-DD'), 'Address ACN', '0969357482', 'VP', 'TGMT', 106, 8.7);
INSERT INTO ADMIN.TB_SINHVIEN (MASV, HOTEN, PHAI, NGSINH, DCHI, DT, MACT, MANGANH, SOTCTL, DTBTL) VALUES ('SV126111', 'Dang Lam Hai Dang', 'Male', TO_DATE('2003-02-21', 'YYYY-MM-DD'), 'Address ACO', '0051217462', 'VP', 'MMTVT', 98, 8.3);
--BANG TB_HOCPHAN
INSERT INTO ADMIN.TB_HOCPHAN (MAHP, TENHP, SOTC, STLT, STTH, SOSVTD, MADV) VALUES ('HP01', 'Nhap mon lap trinh', 4, 45, 30, 120, 'DV01');
INSERT INTO ADMIN.TB_HOCPHAN (MAHP, TENHP, SOTC, STLT, STTH, SOSVTD, MADV) VALUES ('HP02', 'An toan va bao mat du lieu', 4, 45, 30, 90, 'DV02');
INSERT INTO ADMIN.TB_HOCPHAN (MAHP, TENHP, SOTC, STLT, STTH, SOSVTD, MADV) VALUES ('HP03', 'Kiem thu phan mem', 4, 45, 30, 120, 'DV03');
INSERT INTO ADMIN.TB_HOCPHAN (MAHP, TENHP, SOTC, STLT, STTH, SOSVTD, MADV) VALUES ('HP04', 'Lap trinh song song', 4, 45, 30, 100, 'DV04');
INSERT INTO ADMIN.TB_HOCPHAN (MAHP, TENHP, SOTC, STLT, STTH, SOSVTD, MADV) VALUES ('HP05', 'Nhap mon hoc may', 4, 45, 30, 120, 'DV05');
INSERT INTO ADMIN.TB_HOCPHAN (MAHP, TENHP, SOTC, STLT, STTH, SOSVTD, MADV) VALUES ('HP06', 'Thi giac may tinh', 4, 45, 30, 90, 'DV06');
INSERT INTO ADMIN.TB_HOCPHAN (MAHP, TENHP, SOTC, STLT, STTH, SOSVTD, MADV) VALUES ('HP07', 'He thong vien thong', 4, 45, 30, 110, 'DV07');
INSERT INTO ADMIN.TB_HOCPHAN (MAHP, TENHP, SOTC, STLT, STTH, SOSVTD, MADV) VALUES ('HP08', 'Ky thuat lap trinh', 4, 45, 30, 120, 'DV01');
INSERT INTO ADMIN.TB_HOCPHAN (MAHP, TENHP, SOTC, STLT, STTH, SOSVTD, MADV) VALUES ('HP09', 'Co so du lieu nang cao', 4, 45, 30, 110, 'DV02');
INSERT INTO ADMIN.TB_HOCPHAN (MAHP, TENHP, SOTC, STLT, STTH, SOSVTD, MADV) VALUES ('HP10', 'Phat trien game', 4, 45, 30, 120, 'DV03');
INSERT INTO ADMIN.TB_HOCPHAN (MAHP, TENHP, SOTC, STLT, STTH, SOSVTD, MADV) VALUES ('HP11', 'An ninh may tinh', 4, 45, 30, 120, 'DV04');
INSERT INTO ADMIN.TB_HOCPHAN (MAHP, TENHP, SOTC, STLT, STTH, SOSVTD, MADV) VALUES ('HP12', 'Ma hoa ung dung', 4, 45, 30, 100, 'DV05');
INSERT INTO ADMIN.TB_HOCPHAN (MAHP, TENHP, SOTC, STLT, STTH, SOSVTD, MADV) VALUES ('HP13', 'Xu ly anh so va video so', 4, 45, 30, 110, 'DV06');
INSERT INTO ADMIN.TB_HOCPHAN (MAHP, TENHP, SOTC, STLT, STTH, SOSVTD, MADV) VALUES ('HP14', 'Lap trinh mang', 4, 45, 30, 100, 'DV07');
INSERT INTO ADMIN.TB_HOCPHAN (MAHP, TENHP, SOTC, STLT, STTH, SOSVTD, MADV) VALUES ('HP15', 'He thong may tinh', 2, 30, 0, 90, 'DV01');
INSERT INTO ADMIN.TB_HOCPHAN (MAHP, TENHP, SOTC, STLT, STTH, SOSVTD, MADV) VALUES ('HP16', 'He quan tri co so du lieu', 4, 45, 30, 120, 'DV02');
INSERT INTO ADMIN.TB_HOCPHAN (MAHP, TENHP, SOTC, STLT, STTH, SOSVTD, MADV) VALUES ('HP17', 'Thiet ke giao dien', 4, 45, 30, 90, 'DV03');
INSERT INTO ADMIN.TB_HOCPHAN (MAHP, TENHP, SOTC, STLT, STTH, SOSVTD, MADV) VALUES ('HP18', 'Xu ly tin hieu so', 4, 45, 30, 90, 'DV04');
INSERT INTO ADMIN.TB_HOCPHAN (MAHP, TENHP, SOTC, STLT, STTH, SOSVTD, MADV) VALUES ('HP19', 'Lap trinh mang', 4, 45, 30, 100, 'DV05');
INSERT INTO ADMIN.TB_HOCPHAN (MAHP, TENHP, SOTC, STLT, STTH, SOSVTD, MADV) VALUES ('HP20', 'Ung dung thi giac may tinh', 4, 45, 30, 110, 'DV06');
INSERT INTO ADMIN.TB_HOCPHAN (MAHP, TENHP, SOTC, STLT, STTH, SOSVTD, MADV) VALUES ('HP21', 'An ninh may tinh nang cao', 4, 45, 30, 120, 'DV07');
INSERT INTO ADMIN.TB_HOCPHAN (MAHP, TENHP, SOTC, STLT, STTH, SOSVTD, MADV) VALUES ('HP22', 'Co so tri tue nhan tao', 4, 45, 30, 100, 'DV01');
INSERT INTO ADMIN.TB_HOCPHAN (MAHP, TENHP, SOTC, STLT, STTH, SOSVTD, MADV) VALUES ('HP23', 'Phan tich thiet ke he thong', 4, 45, 30, 120, 'DV02');
INSERT INTO ADMIN.TB_HOCPHAN (MAHP, TENHP, SOTC, STLT, STTH, SOSVTD, MADV) VALUES ('HP24', 'Quan ly du an phan mem', 4, 45, 30, 120, 'DV03');
INSERT INTO ADMIN.TB_HOCPHAN (MAHP, TENHP, SOTC, STLT, STTH, SOSVTD, MADV) VALUES ('HP25', 'Xu ly ngon ngu tu nhien', 4, 45, 30, 90, 'DV04');
--BANG TB_KHMO
INSERT INTO ADMIN.TB_KHMO (MAHP, HK, NAM, MACT) VALUES ('HP17', 1, 2022, 'CQ');
INSERT INTO ADMIN.TB_KHMO (MAHP, HK, NAM, MACT) VALUES ('HP02', 2, 2024, 'CLC');
INSERT INTO ADMIN.TB_KHMO (MAHP, HK, NAM, MACT) VALUES ('HP03', 1, 2024, 'CTTT');
INSERT INTO ADMIN.TB_KHMO (MAHP, HK, NAM, MACT) VALUES ('HP04', 3, 2024, 'VP');
INSERT INTO ADMIN.TB_KHMO (MAHP, HK, NAM, MACT) VALUES ('HP05', 1, 2022, 'CLC');
INSERT INTO ADMIN.TB_KHMO (MAHP, HK, NAM, MACT) VALUES ('HP06', 2, 2022, 'CQ');
INSERT INTO ADMIN.TB_KHMO (MAHP, HK, NAM, MACT) VALUES ('HP07', 3, 2024, 'CTTT');
INSERT INTO ADMIN.TB_KHMO (MAHP, HK, NAM, MACT) VALUES ('HP08', 2, 2022, 'CQ');
INSERT INTO ADMIN.TB_KHMO (MAHP, HK, NAM, MACT) VALUES ('HP08', 2, 2022, 'CLC');
INSERT INTO ADMIN.TB_KHMO (MAHP, HK, NAM, MACT) VALUES ('HP13', 1, 2023, 'CLC');
INSERT INTO ADMIN.TB_KHMO (MAHP, HK, NAM, MACT) VALUES ('HP11', 2, 2022, 'CQ');
INSERT INTO ADMIN.TB_KHMO (MAHP, HK, NAM, MACT) VALUES ('HP12', 2, 2022, 'CQ');
INSERT INTO ADMIN.TB_KHMO (MAHP, HK, NAM, MACT) VALUES ('HP13', 1, 2023, 'CTTT');
INSERT INTO ADMIN.TB_KHMO (MAHP, HK, NAM, MACT) VALUES ('HP14', 3, 2024, 'VP');
INSERT INTO ADMIN.TB_KHMO (MAHP, HK, NAM, MACT) VALUES ('HP15', 1, 2021, 'VP');
INSERT INTO ADMIN.TB_KHMO (MAHP, HK, NAM, MACT) VALUES ('HP15', 1, 2023, 'VP');
INSERT INTO ADMIN.TB_KHMO (MAHP, HK, NAM, MACT) VALUES ('HP17', 1, 2024, 'CQ');
INSERT INTO ADMIN.TB_KHMO (MAHP, HK, NAM, MACT) VALUES ('HP18', 2, 2024, 'CLC');
INSERT INTO ADMIN.TB_KHMO (MAHP, HK, NAM, MACT) VALUES ('HP19', 3, 2023, 'VP');
INSERT INTO ADMIN.TB_KHMO (MAHP, HK, NAM, MACT) VALUES ('HP21', 1, 2024, 'CQ');
INSERT INTO ADMIN.TB_KHMO (MAHP, HK, NAM, MACT) VALUES ('HP21', 3, 2024, 'CLC');
INSERT INTO ADMIN.TB_KHMO (MAHP, HK, NAM, MACT) VALUES ('HP21', 1, 2023, 'VP');
INSERT INTO ADMIN.TB_KHMO (MAHP, HK, NAM, MACT) VALUES ('HP23', 2, 2024, 'CQ');
INSERT INTO ADMIN.TB_KHMO (MAHP, HK, NAM, MACT) VALUES ('HP24', 2, 2024, 'VP');
INSERT INTO ADMIN.TB_KHMO (MAHP, HK, NAM, MACT) VALUES ('HP24', 2, 2023, 'CTTT');
--BANG TB_PHANCONG
INSERT INTO ADMIN.TB_PHANCONG (MAGV, MAHP, HK, NAM, MACT) VALUES ('NV055', 'HP17', 1, 2022, 'CQ');
INSERT INTO ADMIN.TB_PHANCONG (MAGV, MAHP, HK, NAM, MACT) VALUES ('NV075', 'HP02', 2, 2024, 'CLC');
INSERT INTO ADMIN.TB_PHANCONG (MAGV, MAHP, HK, NAM, MACT) VALUES ('NV076', 'HP03', 1, 2024, 'CTTT');
INSERT INTO ADMIN.TB_PHANCONG (MAGV, MAHP, HK, NAM, MACT) VALUES ('NV077', 'HP04', 3, 2024, 'VP');
INSERT INTO ADMIN.TB_PHANCONG (MAGV, MAHP, HK, NAM, MACT) VALUES ('NV078', 'HP05', 1, 2022, 'CLC');
INSERT INTO ADMIN.TB_PHANCONG (MAGV, MAHP, HK, NAM, MACT) VALUES ('NV079', 'HP06', 2, 2022, 'CQ');
INSERT INTO ADMIN.TB_PHANCONG (MAGV, MAHP, HK, NAM, MACT) VALUES ('NV080', 'HP07', 3, 2024, 'CTTT');
INSERT INTO ADMIN.TB_PHANCONG (MAGV, MAHP, HK, NAM, MACT) VALUES ('NV107', 'HP08', 2, 2022, 'CQ');
INSERT INTO ADMIN.TB_PHANCONG (MAGV, MAHP, HK, NAM, MACT) VALUES ('NV053', 'HP08', 2, 2022, 'CLC');
INSERT INTO ADMIN.TB_PHANCONG (MAGV, MAHP, HK, NAM, MACT) VALUES ('NV065', 'HP13', 1, 2023, 'CLC');
INSERT INTO ADMIN.TB_PHANCONG (MAGV, MAHP, HK, NAM, MACT) VALUES ('NV077', 'HP11', 2, 2022, 'CQ');
INSERT INTO ADMIN.TB_PHANCONG (MAGV, MAHP, HK, NAM, MACT) VALUES ('NV078', 'HP12', 2, 2022, 'CQ');
INSERT INTO ADMIN.TB_PHANCONG (MAGV, MAHP, HK, NAM, MACT) VALUES ('NV086', 'HP13', 1, 2023, 'CTTT');
INSERT INTO ADMIN.TB_PHANCONG (MAGV, MAHP, HK, NAM, MACT) VALUES ('NV080', 'HP14', 3, 2024, 'VP');
INSERT INTO ADMIN.TB_PHANCONG (MAGV, MAHP, HK, NAM, MACT) VALUES ('NV107', 'HP15', 1, 2021, 'VP');
INSERT INTO ADMIN.TB_PHANCONG (MAGV, MAHP, HK, NAM, MACT) VALUES ('NV101', 'HP15', 1, 2023, 'VP');
INSERT INTO ADMIN.TB_PHANCONG (MAGV, MAHP, HK, NAM, MACT) VALUES ('NV076', 'HP17', 1, 2024, 'CQ');
INSERT INTO ADMIN.TB_PHANCONG (MAGV, MAHP, HK, NAM, MACT) VALUES ('NV077', 'HP18', 2, 2024, 'CLC');
INSERT INTO ADMIN.TB_PHANCONG (MAGV, MAHP, HK, NAM, MACT) VALUES ('NV085', 'HP19', 3, 2023, 'VP');
INSERT INTO ADMIN.TB_PHANCONG (MAGV, MAHP, HK, NAM, MACT) VALUES ('NV080', 'HP21', 1, 2024, 'CQ');
INSERT INTO ADMIN.TB_PHANCONG (MAGV, MAHP, HK, NAM, MACT) VALUES ('NV052', 'HP21', 3, 2024, 'CLC');
INSERT INTO ADMIN.TB_PHANCONG (MAGV, MAHP, HK, NAM, MACT) VALUES ('NV052', 'HP21', 1, 2023, 'VP');
INSERT INTO ADMIN.TB_PHANCONG (MAGV, MAHP, HK, NAM, MACT) VALUES ('NV012', 'HP23', 2, 2024, 'CQ');
INSERT INTO ADMIN.TB_PHANCONG (MAGV, MAHP, HK, NAM, MACT) VALUES ('NV013', 'HP24', 2, 2024, 'VP');
INSERT INTO ADMIN.TB_PHANCONG (MAGV, MAHP, HK, NAM, MACT) VALUES ('NV020', 'HP24', 2, 2023, 'CTTT');
--BANG TB_DANGKY
INSERT INTO ADMIN.TB_DANGKY (MASV, MAGV, MAHP, HK, NAM, MACT, DIEMTH, DIEMQT, DIEMCK, DIEMTK) VALUES ('SV120216', 'NV055', 'HP17', 1, 2022, 'CQ', 7.5, 9.0, 8.3, 8.13);
INSERT INTO ADMIN.TB_DANGKY (MASV, MAGV, MAHP, HK, NAM, MACT, DIEMTH, DIEMQT, DIEMCK, DIEMTK) VALUES ('SV127117', 'NV075', 'HP02', 2, 2024, 'CLC', 8.2, 7.5, 7.8, 7.89);
INSERT INTO ADMIN.TB_DANGKY (MASV, MAGV, MAHP, HK, NAM, MACT, DIEMTH, DIEMQT, DIEMCK, DIEMTK) VALUES ('SV127125', 'NV076', 'HP03', 1, 2024, 'CTTT', 6.8, 8.9, 8.6, 8.09);
INSERT INTO ADMIN.TB_DANGKY (MASV, MAGV, MAHP, HK, NAM, MACT, DIEMTH, DIEMQT, DIEMCK, DIEMTK) VALUES ('SV125105', 'NV077', 'HP04', 3, 2024, 'VP', 7.4, 7.8, 8.5, 8.1);
INSERT INTO ADMIN.TB_DANGKY (MASV, MAGV, MAHP, HK, NAM, MACT, DIEMTH, DIEMQT, DIEMCK, DIEMTK) VALUES ('SV127125', 'NV078', 'HP05', 1, 2022, 'CLC', 5.9, 7.8, 7.0, 6.75);
INSERT INTO ADMIN.TB_DANGKY (MASV, MAGV, MAHP, HK, NAM, MACT, DIEMTH, DIEMQT, DIEMCK, DIEMTK) VALUES ('SV120216', 'NV079', 'HP06', 2, 2022, 'CQ', 9.3, 9.6, 9.0, 9.15);
INSERT INTO ADMIN.TB_DANGKY (MASV, MAGV, MAHP, HK, NAM, MACT, DIEMTH, DIEMQT, DIEMCK, DIEMTK) VALUES ('SV125109', 'NV080', 'HP07', 3, 2024, 'CTTT', 6.6, 8.0, 7.8, 7.46);
INSERT INTO ADMIN.TB_DANGKY (MASV, MAGV, MAHP, HK, NAM, MACT, DIEMTH, DIEMQT, DIEMCK, DIEMTK) VALUES ('SV120251', 'NV107', 'HP08', 2, 2022, 'CQ', 4.6, 8.7, 7.6, 6.81);
INSERT INTO ADMIN.TB_DANGKY (MASV, MAGV, MAHP, HK, NAM, MACT, DIEMTH, DIEMQT, DIEMCK, DIEMTK) VALUES ('SV127122', 'NV053', 'HP08', 2, 2022, 'CLC', 8.7, 8.8, 8.4, 8.53);
INSERT INTO ADMIN.TB_DANGKY (MASV, MAGV, MAHP, HK, NAM, MACT, DIEMTH, DIEMQT, DIEMCK, DIEMTK) VALUES ('SV127117', 'NV065', 'HP13', 1, 2023, 'CLC', 9.8, 10, 9.0, 9.34);
INSERT INTO ADMIN.TB_DANGKY (MASV, MAGV, MAHP, HK, NAM, MACT, DIEMTH, DIEMQT, DIEMCK, DIEMTK) VALUES ('SV120251', 'NV077', 'HP11', 2, 2022, 'CQ', 7.6, 10, 8.3, 8.26);
INSERT INTO ADMIN.TB_DANGKY (MASV, MAGV, MAHP, HK, NAM, MACT, DIEMTH, DIEMQT, DIEMCK, DIEMTK) VALUES ('SV120216', 'NV078', 'HP12', 2, 2022, 'CQ', 6.8, 8.5, 7.6, 7.45);
INSERT INTO ADMIN.TB_DANGKY (MASV, MAGV, MAHP, HK, NAM, MACT, DIEMTH, DIEMQT, DIEMCK, DIEMTK) VALUES ('SV125105', 'NV086', 'HP13', 1, 2023, 'CTTT', 6.8, 10, 8.3, 8.02);
INSERT INTO ADMIN.TB_DANGKY (MASV, MAGV, MAHP, HK, NAM, MACT, DIEMTH, DIEMQT, DIEMCK, DIEMTK) VALUES ('SV126102', 'NV080', 'HP14', 3, 2024, 'VP', 6.9, 9.0, 7.8, 7.65);
INSERT INTO ADMIN.TB_DANGKY (MASV, MAGV, MAHP, HK, NAM, MACT, DIEMTH, DIEMQT, DIEMCK, DIEMTK) VALUES ('SV126107', 'NV107', 'HP15', 1, 2021, 'VP', 8.9, 9.5, 9.3, 9.2);
INSERT INTO ADMIN.TB_DANGKY (MASV, MAGV, MAHP, HK, NAM, MACT, DIEMTH, DIEMQT, DIEMCK, DIEMTK) VALUES ('SV126109', 'NV101', 'HP15', 1, 2023, 'VP', 9.3, 10, 9.7, 9.61);
INSERT INTO ADMIN.TB_DANGKY (MASV, MAGV, MAHP, HK, NAM, MACT, DIEMTH, DIEMQT, DIEMCK, DIEMTK) VALUES ('SV120341', 'NV076', 'HP17', 1, 2024, 'CQ', 7.3, 8.5, 8.2, 7.96);
INSERT INTO ADMIN.TB_DANGKY (MASV, MAGV, MAHP, HK, NAM, MACT, DIEMTH, DIEMQT, DIEMCK, DIEMTK) VALUES ('SV127117', 'NV077', 'HP18', 2, 2024, 'CLC', 6.5, 8.0, 7.4, 7.19);
INSERT INTO ADMIN.TB_DANGKY (MASV, MAGV, MAHP, HK, NAM, MACT, DIEMTH, DIEMQT, DIEMCK, DIEMTK) VALUES ('SV126102', 'NV085', 'HP19', 3, 2023, 'VP', 5.9, 7.8, 8.7, 7.77);
INSERT INTO ADMIN.TB_DANGKY (MASV, MAGV, MAHP, HK, NAM, MACT, DIEMTH, DIEMQT, DIEMCK, DIEMTK) VALUES ('SV120387', 'NV080', 'HP21', 1, 2024, 'CQ', 7.1, 8.5, 7.9, 7.72);
INSERT INTO ADMIN.TB_DANGKY (MASV, MAGV, MAHP, HK, NAM, MACT, DIEMTH, DIEMQT, DIEMCK, DIEMTK) VALUES ('SV127123', 'NV052', 'HP21', 3, 2024, 'CLC', 9.2, 9.5, 9.0, 9.11);
INSERT INTO ADMIN.TB_DANGKY (MASV, MAGV, MAHP, HK, NAM, MACT, DIEMTH, DIEMQT, DIEMCK, DIEMTK) VALUES ('SV126110', 'NV052', 'HP21', 1, 2023, 'VP', 8.7, 9.0, 9.0, 8.91);
INSERT INTO ADMIN.TB_DANGKY (MASV, MAGV, MAHP, HK, NAM, MACT, DIEMTH, DIEMQT, DIEMCK, DIEMTK) VALUES ('SV120387', 'NV012', 'HP23', 2, 2024, 'CQ', 7.3, 8.4, 8.5, 8.13);
INSERT INTO ADMIN.TB_DANGKY (MASV, MAGV, MAHP, HK, NAM, MACT, DIEMTH, DIEMQT, DIEMCK, DIEMTK) VALUES ('SV126110', 'NV013', 'HP24', 2, 2024, 'VP', 7.4, 8.9, 7.4, 7.55);
INSERT INTO ADMIN.TB_DANGKY (MASV, MAGV, MAHP, HK, NAM, MACT, DIEMTH, DIEMQT, DIEMCK, DIEMTK) VALUES ('SV125104', 'NV020', 'HP24', 2, 2023, 'CTTT', 4.6, 6.8, 8.5, 7.16);